Barcode,Title,Status,Type,Location,Genre
LSPUL000012076,125 problems in text algorithms : with solutions,Available,Book,General Collection,Generalities
LSPUL000001036,A+ Guide to managing and maintaining your PC with lab exercises : hardware,Available,Book,General Collection,Generalities
LSPUL000002122,A+ Guide to Managing and Maintaining Your Pc with Lab Exercises : Philippine Edition,Available,Book,General Collection,Generalities
LSPUL000006674,The active newsroom : news reporting stylebook,Available,Book,Filipiniana,Generalities
LSPUL000005993,Active server pages,Not Available,Book,General Collection,Generalities
LSPULCD0000001,Adobe Photoshop CS2 revealed,Available,CD,Multi Media,Generalities
LSPUL000007860,Adobe web collection,Available,Hardcover,General Collection,Generalities
LSPUL000009895,Advanced database management systems,Not Available,Paperback,General Collection,Generalities
LSPUL000008354,Advanced programming languages,Available,Book,General Collection,Generalities
LSPUL000001412,Advanced Qt Programming : Creating Great Software with C++ and Qt 4,Available,Hardcover,General Collection,Generalities
EBOOK000000197,Advances in Tangible and Embodied Interaction for Virtual and Augmented Reality,Available,E-Book,Electronic Resources,Generalities
LSPUL000001353,Advancing the story : broadcast journalism in a multimedia world,Not Available,Book,General Collection,Generalities
LSPUL000007572,Algorithms,Available,Book,General Collection,Generalities
LSPUL000000871,An integrated introduction to computer graphics,Available,Paperback,General Collection,Generalities
LSPUL000002103,An introduction to geographic information technology,Available,Hardcover,General Collection,Generalities
LSPUL000007694,An introduction to programming with C++,Available,Paperback,General Collection,Generalities
LSPUL000001068,Analyzing computer security : a threat/vulnerability/countermeasure approach,Available,Book,General Collection,Generalities
LSPUL000008863,Android app development,Available,Book,General Collection,Generalities
LSPUL000001071,"Android, how to program",Not Available,Book,General Collection,Generalities
EBOOK000000199,Applications of Augmented Reality,Available,E-Book,Electronic Resources,Generalities
LSPUL000009671,The elements of inquiry : research and methods for a quality dissertation,Available,Book,General Collection,Generalities
LSPULCD0001369,Embedded C programming and the microchip PIC,Available,CD,Non-Print Section,Generalities
LSPUL000009681,Embodiment in qualitative research,Available,Book,General Collection,Generalities
LSPUL000009270,Empowerment technologies making small shifts towards a big difference for senior high school,Available,Paperback,Filipiniana,Generalities
LSPUL000003467,Introduction to the humanities,Not Available,Paperback,Filipiniana,Generalities
LSPUL000008353,Java and web design,Available,Book,General Collection,Generalities
LSPUL000011480,Java illuminated : an active learning approach,Available,Book,General Collection,Generalities
LSPUL000009482,"Journalism and climate crisis : public engagement, media alternatives",Available,Book,General Collection,Generalities
LSPUL000008339,Journalism as activism : recoding media power,Available,Book,General Collection,Generalities
LSPUL000002138,Journalism for Filipinos,Available,Paperback,Filipiniana,Generalities
LSPUL000009558,The journalist's companion,Not Available,Book,General Collection,Generalities
LSPUL000004204,Key readings in journalism,Available,Book,General Collection,Generalities
LSPUL000010545,Keyboarding and word processing,Available,Book,General Collection,Generalities
EBOOK000000015,"Knowledge Engineering and Knowledge Management: 22nd International Conference, EKAW 2020 Bolzano, Italy, September 16–20, 2020 Proceedings",Available,E-Book,Electronic Resources,Generalities
EBOOK000000014,"Knowledge management in organizations: 14th International Conference, KMO 2019 Zamora, Spain, July 15-18, 2019 Proceedings",Not Available,E-Book,Electronic Resources,Generalities
EBOOK000000007,Leadership OS: The operating system you need to succeed,Available,E-Book,Electronic Resources,Generalities
LSPUL000004548,Library instruction design : learning from Google and Apple,Available,Book,General Collection,Generalities
LSPUL000005622,A line out for a walk : familiar essays,Available,Book,Fiction,Generalities
LSPUL000009533,Living in the information technology era,Available,Paperback,Filipiniana,Generalities
LSPUL000012084,Machine learning fundamentals : a concise introduction,Available,Book,General Collection,Generalities
LSPUL000002017,Photoshop elements 14 for dummies,Available,Paperback,General Collection,Generalities
LSPUL000002156,PHP 5/MySQL programming for the absolute beginner,Not Available,Book,General Collection,Generalities
LSPUL000002199,PHP and MySQL : creating database-driven dynamic websites,Available,Paperback,Filipiniana,Generalities
LSPUL000001278,A practical approach to database systems,Available,Paperback,General Collection,Generalities
LSPUL000000429,Practical approach to information acommunication technology [volume 1],Available,Paperback,General Collection,Generalities
LSPUL000000431,Practical approach to information communication technology [volume 2],Available,Paperback,General Collection,Generalities
LSPUL000010752,A Practical Introduction to Enterprise Network and Security Management,Available,Hardcover,General Collection,Generalities
LSPUL000001411,Principles of Compiler Design,Available,Book,General Collection,Generalities
LSPUL000010027,Principles of programming language,Available,Paperback,General Collection,Generalities
LSPUL000006623,Principles of web design,Available,Book,General Collection,Generalities
EBOOK000000011,Pro SQL Server relational database design and implementation: best practices for scalability and performance,Not Available,E-Book,Electronic Resources,Generalities
LSPUL000000219,Programming 1 worktext in ITC - 02,Available,Paperback,General Collection,Generalities
LSPUL000007162,Public speaking and speech improvement for Filipino students,Available,Book,Filipiniana,Generalities
LSPUL000008811,"Research design : quantitative, qualitative, mixed methods, arts-based, and community-based participatory research approaches",Available,Book,General Collection,Generalities
LSPUL000000999,Abnormal psychology clinical perspectives on psychological disorders,Available,Paperback,General Collection,Philosophy and Psychology
LSPUL000008839,Administrative ethics and executive decisions : channeling and containing administrative discretion,Available,Book,General Collection,Philosophy and Psychology
LSPUL000010307,Adolescents' Self-Discovery in Groups,Available,Paperback,General Collection,Philosophy and Psychology
LSPUL000002101,Advanced applied psychology,Not Available,Hardcover,General Collection,Philosophy and Psychology
LSPUL000010423,Analysing Qualitative Data in Psychology,Not Available,Paperback,General Collection,Philosophy and Psychology
LSPUL000009977,"Analyzing Children : psychological structure, trauma, development, and therapeutic action",Available,Paperback,General Collection,Philosophy and Psychology
LSPUL000008816,Animal psychology : its nature and its problems,Available,Book,General Collection,Philosophy and Psychology
LSPUL000002280,Annual editions : adolescent psychology.,Available,Book,General Collection,Philosophy and Psychology
LSPUL000004234,The Art of critical thinking : logic for Filipino students,Available,Book,Filipiniana,Philosophy and Psychology
LSPUL000010504,The Art of problem solving,Available,Book,Filipiniana,Philosophy and Psychology
LSPUL000010078,Asian Philosophies,Available,Paperback,General Collection,Philosophy and Psychology
LSPUL000001652,"Corporate integrity : rethinking organizational ethics, and leadership",Available,Book,GS & Law,Philosophy and Psychology
LSPUL000011693,A course module for ethics,Available,Book,CBAA Library,Philosophy and Psychology
LSPUL000005246,Creativity and reason in cognitive development,Not Available,Book,General Collection,Philosophy and Psychology
LSPUL000011976,Critical thinking : your essential guide,Not Available,Book,General Collection,Philosophy and Psychology
EBOOK000000044,The delete approach : designing errors for learning and teaching,Available,E-Book,Electronic Resources,Philosophy and Psychology
LSPUL000010285,Developmental Psychology,Available,Paperback,General Collection,Philosophy and Psychology
LSPUL000002239,Developmental psychology : a life-span approach,Available,Book,General Collection,Philosophy and Psychology
EBOOK000000088,Doing ethics in media : theories and practical applications,Not Available,E-Book,Electronic Resources,Philosophy and Psychology
LSPUL000009688,Ecological learning theory,Available,Book,General Collection,Philosophy and Psychology
LSPUL000006787,Elements of psychology,Available,Book,General Collection,Philosophy and Psychology
LSPUL000000512,Epignosis: critical readings in academic philosophy (with logic),Available,Paperback,Filipiniana,Philosophy and Psychology
LSPUL000000513,Epignosis: critical readings in academic philosophy (with logic),Available,Paperback,Filipiniana,Philosophy and Psychology
LSPUL000002226,Essential psychology : a concise introduction,Available,Book,General Collection,Philosophy and Psychology
LSPUL000009659,Essentials of dyadic interviewing,Not Available,Book,General Collection,Philosophy and Psychology
LSPUL000009594,Essentials of human development : a life-span view,Not Available,Book,General Collection,Philosophy and Psychology
LSPUL000010332,Essentials of Life-Span Development,Available,Book,Nursing & AH,Philosophy and Psychology
LSPUL000005128,Filipino Values Today,Available,Book,Filipiniana,Philosophy and Psychology
LSPUL000008850,The forgiveness project : stories for a vengeful age,Available,Book,General Collection,Philosophy and Psychology
LSPUL000002184,Foundations of cognitive psychology,Available,Book,General Collection,Philosophy and Psychology
LSPUL000009970,Fundamentals of Ethics,Not Available,Paperback,Filipiniana,Philosophy and Psychology
LSPUL000006707,Fundamentals of ethics,Available,Book,Filipiniana,Philosophy and Psychology
LSPUL000006720,Fundamentals of ethics,Available,Book,Filipiniana,Philosophy and Psychology
LSPUL000008470,Fundamentals of industrial psychology,Available,Paperback,Filipiniana,Philosophy and Psychology
LSPUL000008476,Fundamentals of industrial psychology,Available,Paperback,Filipiniana,Philosophy and Psychology
LSPUL000008479,Fundamentals of industrial psychology,Available,Paperback,Filipiniana,Philosophy and Psychology
LSPUL000004251,General Psychology : Simplified,Available,Book,Filipiniana,Philosophy and Psychology
LSPUL000004360,General Psychology : Simplified,Not Available,Book,Filipiniana,Philosophy and Psychology
LSPUL000004361,General Psychology : Simplified,Available,Book,Filipiniana,Philosophy and Psychology
LSPUL000004362,General Psychology : Simplified,Available,Book,Filipiniana,Philosophy and Psychology
LSPUL000004364,General Psychology : Simplified,Available,Book,Filipiniana,Philosophy and Psychology
EBOOK000000082,Global media ethics and the digital revolution,Available,E-Book,Electronic Resources,Philosophy and Psychology
LSPUL000004539,Goodwill's test your I. Q.,Available,Paperback,General Collection,Philosophy and Psychology
LSPUL000009709,An introduction to work and organizational psychology : an international perspective,Available,Book,General Collection,Philosophy and Psychology
LSPUL000000461,Introductory psychology understanding human behavior,Available,Paperback,Filipiniana,Philosophy and Psychology
LSPUL000000462,Introductory psychology understanding human behavior,Available,Paperback,Filipiniana,Philosophy and Psychology
LSPUL000000463,Introductory psychology understanding human behavior,Available,Paperback,Filipiniana,Philosophy and Psychology
LSPUL000001675,IQ and the wealth of nations,Not Available,Book,GS & Law,Philosophy and Psychology
LSPUL000006724,Issues and ethics in the helping professions,Available,Book,General Collection,Philosophy and Psychology
LSPUL000009574,Judgment and strategy,Not Available,Book,General Collection,Philosophy and Psychology
LSPUL000011012,Judicial Ethics Annotated,Available,Hardcover,Law and Criminology,Philosophy and Psychology
LSPUL000011013,Judicial Ethics Annotated,Available,Hardcover,Law and Criminology,Philosophy and Psychology
LSPUL000002251,Keeping the legacy : reflections on Filipino values,Not Available,Book,Filipiniana,Philosophy and Psychology
LSPUL000002253,Keeping the legacy : reflections on Filipino values,Available,Book,Filipiniana,Philosophy and Psychology
LSPUL000005428,Lack of character : personality and moral behavior,Available,Book,General Collection,Philosophy and Psychology
LSPUL000010558,The Active Workshop : Practical Strategies for Facilitating Professional Learning,Available,Paperback,General Collection,Religion
LSPUL000004864,Be not afraid : exhortations for testing times,Available,Book,Filipiniana,Religion
LSPUL000004867,Be not afraid : exhortations for testing times,Available,Book,Filipiniana,Religion
LSPUL000004870,Be not afraid : exhortations for testing times,Available,Book,Filipiniana,Religion
LSPUL000004873,Be not afraid : exhortations for testing times,Available,Book,Filipiniana,Religion
LSPUL000004876,Be not afraid : exhortations for testing times,Available,Book,Filipiniana,Religion
LSPUL000011246,"Children, religion and the ethics of influence",Available,Book,General Collection,Religion
LSPUL000004544,Diary of a preacher guidelines for preaching,Available,Paperback,Filipiniana,Religion
LSPUL000008494,Evil and the hiddenness of God,Not Available,Paperback,General Collection,Religion
LSPUL000009666,Evil and the hiddenness of God,Available,Paperback,General Collection,Religion
LSPUL000011941,The global hahal economy,Available,Book,General Collection,Religion
LSPUL000009863,Guilt and freedom,Available,Book,General Collection,Religion
LSPUL000010776,Inspiring Words for Women : Thoughts of Hope and Encouragement,Available,Paperback,Filipiniana,Religion
LSPUL000009002,Is nature enough? : meaning and truth in the age of science,Not Available,Book,Graduate Studies,Religion
LSPUL000010547,Jesus : God's way of friendship,Available,Book,Filipiniana,Religion
LSPUL000010549,Jesus : God's way of friendship,Available,Book,Filipiniana,Religion
LSPUL000008128,A Journey through man's faith : introduction to world religions and beliefs for senior high school students,Available,Book,Filipiniana,Religion
LSPUL000008133,A Journey through man's faith : introduction to world religions and beliefs for senior high school students,Not Available,Book,Filipiniana,Religion
LSPUL000008155,A Journey through man's faith : introduction to world religions and beliefs for senior high school students,Available,Book,Filipiniana,Religion
LSPUL000008161,A Journey through man's faith : introduction to world religions and beliefs for senior high school students,Available,Book,Filipiniana,Religion
LSPUL000008332,Kasaysayan ng pag asa : isang sulyap sa panahong wala ng pagdurusa,Available,Book,General Collection,Religion
LSPUL000011913,Leadership roles and management functions in nursing : theory and application,Available,Book,Nursing & AH,Religion
LSPUL000011914,Leadership roles and management functions in nursing : theory and application,Available,Book,Nursing & AH,Religion
LSPUL000011915,Leadership roles and management functions in nursing : theory and application,Available,Book,Nursing & AH,Religion
LSPUL000011231,Leadership roles and management functions in nursing : theory and application,Available,Book,Nursing & AH,Religion
LSPUL000011235,Leadership roles and management functions in nursing : theory and application,Available,Book,Nursing & AH,Religion
LSPUL000005625,The power of myth,Not Available,Book,Fiction,Religion
LSPUL000005431,Reverence for life and family : parent/teacher background resource : catechesis in sexuality,Available,Book,General Collection,Religion
LSPUL000008602,Steps to Christ,Available,Hardcover,General Collection,Religion
LSPUL000008404,The story of redemption,Available,Hardcover,General Collection,Religion
LSPUL000006716,"Study guide for peace and unity : a study of vital scipture topics in question-and-answer form, contributed by a large number of bible scholars.",Not Available,Book,Filipiniana,Religion
LSPUL000009784,The Third millennium and the prophecies of revelation : how to live without the fear of the future,Available,Book,Filipiniana,Religion
LSPUL000005556,When faith is all you've got : unleashing the power that can move your biggest mountains,Available,Paperback,Filipiniana,Religion
LSPUL000005559,When faith is all you've got : unleashing the power that can move your biggest mountains,Available,Paperback,Filipiniana,Religion
LSPUL000005562,When faith is all you've got : unleashing the power that can move your biggest mountains,Available,Paperback,Filipiniana,Religion
LSPUL000005577,When faith is all you've got : unleashing the power that can move your biggest mountains,Available,Paperback,Filipiniana,Religion
LSPUL000006505,501 must-be-there events,Not Available,Book,General Collection,Social Sciences
LSPUL000006242,The 1987 Constitution of the Republic of the Philippines : a commentary,Available,Book,Law and Criminology,Social Sciences
LSPUL000009758,The 1987 Constitution of the Republic of the Philippines : a commentary,Available,Book,Law and Criminology,Social Sciences
LSPUL000009759,The 1987 Constitution of the Republic of the Philippines : a commentary,Available,Book,Law and Criminology,Social Sciences
LSPUL000010841,The 1997 Rules of Civil Procedure Annotated,Available,Hardcover,Law and Criminology,Social Sciences
LSPUL000008920,2003 Supreme court reports annotated : quick index-digest (part I),Available,Book,Law and Criminology,Social Sciences
LSPUL000008939,2003 Supreme court reports annotated : quick index-digest (part II),Available,Book,Law and Criminology,Social Sciences
LSPUL000008558,A bar oriented approach to the law on credit transactions,Available,Paperback,Law and Criminology,Social Sciences
LSPUL000008561,A bar oriented approach to the law on credit transactions,Available,Paperback,Law and Criminology,Social Sciences
LSPUL000010148,A bar oriented approach to the law on obligations and contracts,Available,Paperback,Law and Criminology,Social Sciences
LSPUL000010149,A bar oriented approach to the law on obligations and contracts,Not Available,Paperback,Law and Criminology,Social Sciences
LSPUL000005929,A Business Planning Manual : A Project Feasibility Study Guidebook For Filipino Student & Entrepeneurs,Available,Book,Filipiniana,Social Sciences
LSPUL000005466,A Handbook on Policy Organization & Administration : with Police Planning,Available,Book,Law and Criminology,Social Sciences
LSPUL000005467,A Handbook on Policy Organization & Administration : with Police Planning,Available,Book,Law and Criminology,Social Sciences
LSPUL000005468,A Handbook on Policy Organization & Administration : with Police Planning,Not Available,Book,Law and Criminology,Social Sciences
LSPUL000005469,A Handbook on Policy Organization & Administration : with Police Planning,Available,Book,Law and Criminology,Social Sciences
LSPUL000005470,A Handbook on Policy Organization & Administration : with Police Planning,Available,Book,Law and Criminology,Social Sciences
LSPUL000004745,Agrarian reform taxation and cooperatives : A social science perspective,Available,Book,Filipiniana,Social Sciences
LSPUL000006131,Agrarian reform taxation and cooperatives : A social science perspective,Available,Book,Filipiniana,Social Sciences
LSPUL000005979,Agricultural economics,Available,Book,Filipiniana,Social Sciences
LSPUL000005980,Agricultural economics,Available,Book,Filipiniana,Social Sciences
LSPUL000009564,"Air traffic management : economics, regulation and governance",Not Available,Book,General Collection,Social Sciences
LSPUL000011350,Air transport : a tourism perspective,Available,Paperback,General Collection,Social Sciences
LSPUL000000036,All about low volatility investing,Available,Book,General Collection,Social Sciences
LSPUL000009866,Alternative approaches to education : a guide for parents and teachers,Available,Book,General Collection,Social Sciences
LSPUL000008439,Alternative dispute resolution,Available,Paperback,Law and Criminology,Social Sciences
LSPUL000008451,Alternative dispute resolution,Available,Paperback,Law and Criminology,Social Sciences
EBOOK000000050,Alternative education in unconventional environments,Available,E-Book,Electronic Resources,Social Sciences
LSPUL000011681,An act to ordain and institute the civil code of the Philippines,Available,Book,CBAA Library,Social Sciences
LSPUL000011682,An act to ordain and institute the civil code of the Philippines,Not Available,Book,CBAA Library,Social Sciences
LSPUL000011683,An act to ordain and institute the civil code of the Philippines,Available,Book,CBAA Library,Social Sciences
LSPUL000009618,An anthology of educational thinkers : putting theory into practice in the early years,Available,Paperback,General Collection,Social Sciences
LSPUL000002659,Applied microeconomics,Available,Book,General Collection,Social Sciences
LSPUL000002660,Applied microeconomics,Available,Book,General Collection,Social Sciences
LSPUL000002661,Applied microeconomics,Available,Book,General Collection,Social Sciences
LSPUL000002662,Applied microeconomics,Not Available,Book,General Collection,Social Sciences
LSPUL000002663,Applied microeconomics,Available,Book,General Collection,Social Sciences
LSPUL000002664,Applied microeconomics,Available,Book,General Collection,Social Sciences
LSPUL000002665,Applied microeconomics,Available,Book,General Collection,Social Sciences
LSPUL000002666,Applied microeconomics,Available,Book,General Collection,Social Sciences
LSPUL000002739,Applied social science for early years,Available,Book,General Collection,Social Sciences
LSPUL000002409,The basics of communication research,Available,Book,General Collection,Social Sciences
LSPUL000004916,The basics of the Philippine criminal justice system,Available,Paperback,Law and Criminology,Social Sciences
LSPUL000004939,The basics of the Philippine criminal justice system,Available,Paperback,Law and Criminology,Social Sciences
LSPUL000004942,The basics of the Philippine criminal justice system,Available,Paperback,Law and Criminology,Social Sciences
LSPUL000004943,The basics of the Philippine criminal justice system,Available,Paperback,Law and Criminology,Social Sciences
LSPUL000009593,Becoming a master student,Not Available,Book,General Collection,Social Sciences
LSPUL000010846,"The Civil Code of the Philippines and Family Code : Republic Act No. 386 and Executive Order No. 209, Series of 1987",Available,Hardcover,Law and Criminology,Social Sciences
LSPUL000001414,Civil Code of the Philippines annotated,Available,Book,Law and Criminology,Social Sciences
LSPUL000001415,Civil Code of the Philippines annotated,Available,Book,Law and Criminology,Social Sciences
LSPUL000001416,Civil Code of the Philippines annotated,Available,Book,Law and Criminology,Social Sciences
LSPUL000001417,Civil Code of the Philippines annotated,Available,Book,Law and Criminology,Social Sciences
LSPUL000001418,Civil Code of the Philippines annotated,Available,Book,Law and Criminology,Social Sciences
LSPUL000011107,Doctrines and Rulings on the Constitution,Available,Hardcover,Law and Criminology,Social Sciences
LSPUL000011112,Doctrines and Rulings on the Constitution,Not Available,Hardcover,Law and Criminology,Social Sciences
LSPUL000003973,Doing a research project in nursing and midwifery : a basic guide to research using the literature review methodology,Available,Book,General Collection,Social Sciences
LSPUL000008947,"Dynamic competition and public policy: technology, innovation and antitrust issues",Not Available,Book,Graduate Studies,Social Sciences
LSPUL000001685,Dynamic macroeconomic analysis : theory and policy in general equilibrium,Available,Book,GS & Law,Social Sciences
LSPUL000001679,Econometric theory and practice : frontiers of analysis and applied research,Available,Book,GS & Law,Social Sciences
LSPUL000002653,The economic approach to environmental and natural resources,Available,Book,General Collection,Social Sciences
LSPUL000004245,Academic Reading and Writing in College,Available,Book,Filipiniana,Language
LSPUL000004368,Academic Reading and Writing in College,Available,Book,Filipiniana,Language
LSPUL000005411,Academic Reading and Writing in College,Available,Book,Filipiniana,Language
LSPUL000006185,Academic Reading and Writing in College,Available,Book,Filipiniana,Language
LSPUL000010770,"Acronyms, Initialisms & Abbreviations Dictionary : a guide to acronyms, abbreviations, contractions, alphabetic symbols, and similar condensed appellations",Not Available,Paperback,Gen Ref,Language
LSPUL000010798,The Action-oriented approach : A Dynamic Vision of Language Education,Available,Paperback,General Collection,Language
LSPUL000011357,Advances in Empirical Translation Studies : developing translation resources and technologies,Available,Hardcover,General Collection,Language
LSPUL000001055,"Africa, South and Southeast Asia",Available,Book,General Collection,Language
LSPUL000000170,"Akademikong filipino para sa kompetetibong pilipino : batayan at sanayang-aklat sa filipino 1, antas-tersyarya",Available,Paperback,Filipiniana,Language
LSPUL000000171,"Akademikong filipino para sa kompetetibong pilipino : batayan at sanayang-aklat sa filipino 1, antas-tersyarya",Available,Paperback,Filipiniana,Language
LSPUL000000172,"Akademikong filipino para sa kompetetibong pilipino : batayan at sanayang-aklat sa filipino 1, antas-tersyarya",Not Available,Paperback,Filipiniana,Language
LSPUL000000161,Ang akademikong filipino sa komunikasyon : teksbuk-workbuk sa filipino1,Available,Paperback,Filipiniana,Language
LSPUL000000162,Ang akademikong filipino sa komunikasyon : teksbuk-workbuk sa filipino2,Available,Paperback,Filipiniana,Language
LSPUL000000163,Ang akademikong filipino sa komunikasyon : teksbuk-workbuk sa filipino3,Available,Paperback,Filipiniana,Language
LSPUL000000176,"Akademikong filipino tungo sa epektibong komunikasyon : batayan at sanayang-aklat sa filipino 1, antas-tersyarya",Available,Paperback,Filipiniana,Language
LSPUL000000177,"Akademikong filipino tungo sa epektibong komunikasyon : batayan at sanayang-aklat sa filipino 1, antas-tersyarya",Available,Paperback,Filipiniana,Language
LSPUL000000178,"Akademikong filipino tungo sa epektibong komunikasyon : batayan at sanayang-aklat sa filipino 1, antas-tersyarya",Available,Paperback,Filipiniana,Language
LSPUL000001057,The Americas and the Caribbean,Available,Book,General Collection,Language
LSPUL000007054,"Ang wikang Filipino sa loob at labas ng akademya't bansa : unang sourcebook ng Sangfil, 1994-2001",Not Available,Book,Filipiniana,Language
LSPUL000001061,Articulatory phonetics,Available,Book,General Collection,Language
LSPUL000000813,Assignment and thesis writing,Available,Paperback,General Collection,Language
LSPUL000009499,Basic communication and thinking skills : for college freshmen,Available,Book,General Collection,Language
LSPUL000006245,Basic communication and thinking skills : for college freshmen,Available,Book,Filipiniana,Language
LSPUL000006246,Basic communication and thinking skills : for college freshmen,Not Available,Book,Filipiniana,Language
LSPUL000006247,Basic communication and thinking skills : for college freshmen,Available,Book,Filipiniana,Language
LSPUL000006302,Basic communication and thinking skills : for college freshmen,Available,Book,Filipiniana,Language
LSPUL000006303,Basic communication and thinking skills : for college freshmen,Available,Book,Filipiniana,Language
LSPUL000006304,Basic communication and thinking skills : for college freshmen,Available,Book,Filipiniana,Language
LSPUL000007157,Basic communication and thinking skills : for college freshmen,Available,Book,Filipiniana,Language
LSPUL000007192,Basic communication and thinking skills : for college freshmen,Available,Book,Filipiniana,Language
LSPUL000005912,Basic english,Available,Book,Filipiniana,Language
LSPUL000005987,Basic english,Available,Book,Filipiniana,Language
LSPUL000005988,Basic english,Available,Book,Filipiniana,Language
LSPUL000005989,Basic english,Available,Book,Filipiniana,Language
LSPUL000006992,Basic English for college,Available,Book,Filipiniana,Language
LSPUL000004278,Basic English for Nurses,Available,Book,Filipiniana,Language
LSPUL000004279,Basic English for Nurses,Available,Book,Filipiniana,Language
LSPUL000004280,Basic English for Nurses,Available,Book,Filipiniana,Language
LSPUL000004281,Basic English for Nurses,Available,Book,Filipiniana,Language
LSPUL000004282,Basic English for Nurses,Available,Book,Filipiniana,Language
LSPUL000000751,Essentials of english,Available,Book,Filipiniana,Language
LSPUL000000752,Essentials of english,Available,Book,Filipiniana,Language
LSPUL000000753,Essentials of english,Available,Book,Filipiniana,Language
LSPUL000000233,Essentials of writing in the discipline a comprehensive CHED- text-workbook,Available,Book,Filipiniana,Language
LSPUL000000234,Essentials of writing in the discipline a comprehensive CHED- text-workbook,Available,Book,Filipiniana,Language
LSPUL000000235,Essentials of writing in the discipline a comprehensive CHED- text-workbook,Available,Book,Filipiniana,Language
LSPUL000002113,"Ethical English : teaching and learning in English as spiritual, moral and religious education",Available,Book,General Collection,Language
LSPUL000007167,Etnikong bokabularyong Bikol : isang pagtitipon at pagsasalin sa anim na probinsiya ng Rehiyon V.,Not Available,Book,Filipiniana,Language
LSPUL000000745,Expository writing with strategies for study and thinking skills,Available,Paperback,Filipiniana,Language
LSPUL000000746,Expository writing with strategies for study and thinking skills,Available,Paperback,Filipiniana,Language
LSPUL000000747,Expository writing with strategies for study and thinking skills,Available,Paperback,Filipiniana,Language
LSPUL000006994,Filipino 1 : komunikasyon sa akademikong Filipino,Available,Book,Filipiniana,Language
LSPUL000006995,Filipino 1 : komunikasyon sa akademikong Filipino,Available,Book,Filipiniana,Language
LSPUL000006996,Filipino 1 : komunikasyon sa akademikong Filipino,Available,Book,Filipiniana,Language
LSPUL000007001,Filipino 1 : komunikasyon sa akademikong Filipino,Available,Book,Filipiniana,Language
LSPUL000006397,Filipino 2 : Pagbasa at pagsulat tungo sa pananaliksik,Available,Book,Filipiniana,Language
LSPUL000006956,Filipino 2 : Pagbasa at pagsulat tungo sa pananaliksik,Available,Book,Filipiniana,Language
LSPUL000006970,Filipino 2 : Pagbasa at pagsulat tungo sa pananaliksik,Available,Book,Filipiniana,Language
LSPUL000006971,Filipino 2 : Pagbasa at pagsulat tungo sa pananaliksik,Available,Book,Filipiniana,Language
LSPUL000006973,Filipino 2 : Pagbasa at pagsulat tungo sa pananaliksik,Available,Book,Filipiniana,Language
LSPUL000008386,5 steps to a 5 AP calculus AB,Available,Book,General Collection,Pure Sciences
LSPUL000007283,"175 science experiments to amuse and amaze your friends : experiments, tricks, things to make",Available,Book,General Collection,Pure Sciences
LSPUL000007507,"ACT in algebra : applications, concepts, and technology in learning algebra",Available,Book,General Collection,Pure Sciences
LSPUL000009239,Advanced algebra : tools for changing world,Available,Book,General Collection,Pure Sciences
LSPUL000009242,Advanced algebra : tools for changing world,Available,Book,General Collection,Pure Sciences
LSPUL000009246,Advanced algebra : tools for changing world,Available,Book,General Collection,Pure Sciences
LSPUL000009248,Advanced algebra : tools for changing world,Available,Book,General Collection,Pure Sciences
LSPUL000000874,Advanced differential calculus,Not Available,Paperback,General Collection,Pure Sciences
LSPUL000000875,Advanced differential equations,Available,Paperback,General Collection,Pure Sciences
EBOOK000000202,Advanced Hydrologic Modeling in Watershed Scales,Available,E-Book,Electronic Resources,Pure Sciences
LSPUL000007727,Advanced Sampling Theory,Available,Hardcover,General Collection,Pure Sciences
LSPUL000007742,Advances in modeling of fluid dynamics,Available,Hardcover,General Collection,Pure Sciences
LSPUL000007286,Alcamo's fundamentals of microbiology,Available,Book,General Collection,Pure Sciences
LSPUL000008107,Basic calculus,Available,Book,General Collection,Pure Sciences
LSPUL000008122,Basic calculus,Available,Book,General Collection,Pure Sciences
LSPUL000008131,Basic calculus,Available,Book,General Collection,Pure Sciences
LSPUL000008134,Basic calculus,Available,Book,General Collection,Pure Sciences
LSPUL000010493,Basic Calculus : For Senior High School,Available,Paperback,Filipiniana,Pure Sciences
LSPUL000010563,Basic Calculus : For Senior High School,Available,Paperback,Filipiniana,Pure Sciences
LSPUL000010564,Basic Calculus : For Senior High School,Available,Paperback,Filipiniana,Pure Sciences
LSPUL000010565,Basic Calculus : For Senior High School,Available,Paperback,Filipiniana,Pure Sciences
LSPUL000010566,Basic Calculus : For Senior High School,Available,Paperback,Filipiniana,Pure Sciences
EBOOK000000143,Basic engineering mathematics,Available,E-Book,Electronic Resources,Pure Sciences
LSPUL000011517,Basic statistics for research,Available,Book,Filipiniana,Pure Sciences
LSPUL000008977,Bayesian statistics: an introduction,Available,Book,Graduate Studies,Pure Sciences
LSPUL000005684,Becker's world of the cell,Available,Paperback,General Collection,Pure Sciences
LSPUL000005687,Becker's world of the cell,Available,Paperback,General Collection,Pure Sciences
LSPUL000009250,"Benson's microbiological applications : laboratory manual in general microbiology, complete version",Available,Book,General Collection,Pure Sciences
LSPUL000005501,Biochemistry,Available,Paperback,General Collection,Pure Sciences
LSPUL000005507,Biochemistry,Available,Paperback,General Collection,Pure Sciences
LSPUL000005508,Biochemistry,Not Available,Paperback,General Collection,Pure Sciences
LSPUL000005511,Biochemistry,Available,Paperback,General Collection,Pure Sciences
LSPUL000001066,Bioinorganic chemistry : inorganic elements in the chemistry of life : an introduction and guide,Available,Book,General Collection,Pure Sciences
LSPUL000000979,Calculus for scientists and engineers,Available,Book,General Collection,Pure Sciences
LSPUL000009851,Calculus with applications to business and economics,Available,Paperback,General Collection,Pure Sciences
LSPUL000009852,Calculus with applications to business and economics,Available,Paperback,General Collection,Pure Sciences
LSPUL000009853,Calculus with applications to business and economics,Available,Paperback,General Collection,Pure Sciences
LSPUL000009995,Campbell Biology : Concepts and Connections,Available,Paperback,General Collection,Pure Sciences
LSPUL000001914,Chemical principles for organic chemistry,Available,Book,General Collection,Pure Sciences
LSPUL000006429,Discrete mathematics and its applications,Available,Book,General Collection,Pure Sciences
LSPUL000007346,Discrete mathematics and its applications,Available,Book,General Collection,Pure Sciences
LSPUL000008857,Diversifying mathematics teaching : advanced educational content and methods for prospective elementary teachers,Available,Book,General Collection,Pure Sciences
EBOOK000000109,Doing statistical analysis : a student's guide to quantitative research,Available,E-Book,Electronic Resources,Pure Sciences
LSPUL000008384,Elementary algebra,Available,Book,General Collection,Pure Sciences
LSPUL000005670,Elementary and intermediate algebra,Available,Hardcover,General Collection,Pure Sciences
LSPUL000006362,Elementary differential equations,Not Available,Book,General Collection,Pure Sciences
LSPUL000006604,Elementary differential equations,Available,Book,General Collection,Pure Sciences
LSPUL000009515,Elementary differential equations and boundary value problems,Available,Paperback,General Collection,Pure Sciences
LSPUL000009516,Elementary differential equations and boundary value problems,Available,Paperback,General Collection,Pure Sciences
LSPUL000009517,Elementary differential equations and boundary value problems,Available,Paperback,General Collection,Pure Sciences
LSPUL000010368,Elementary Linear Algebra,Available,Paperback,General Collection,Pure Sciences
LSPUL000010369,Elementary Linear Algebra,Available,Paperback,General Collection,Pure Sciences
LSPUL000001989,Foundations of parasitology,Available,Paperback,General Collection,Pure Sciences
LSPUL000003736,Fourier and Laplace transforms,Available,Book,General Collection,Pure Sciences
LSPUL000003737,Fourier and Laplace transforms,Not Available,Book,General Collection,Pure Sciences
LSPUL000008979,Functional analysis for probability and stochastic processes : an introduction,Available,Book,Graduate Studies,Pure Sciences
LSPUL000008992,Functional analysis for probability and stochastic processes : an introduction,Available,Book,Graduate Studies,Pure Sciences
LSPUL000008978,The functional analysis of English : a Hallidayan approach,Available,Book,Graduate Studies,Pure Sciences
EBOOK000000031,General biology,Available,E-Book,Electronic Resources,Pure Sciences
LSPUL000010463,General Botany with Taxonomy : Text-Workbook,Available,Paperback,Filipiniana,Pure Sciences
LSPUL000005203,2.5 - 5 Tons Package Aircon Specialist : Book 20,Available,Book,General Collection,Technology
LSPUL000005314,2.5 - 5 Tons Package Aircon Specialist : Book 21,Available,Book,General Collection,Technology
LSPUL000005315,2.5 - 5 Tons Package Aircon Specialist : Book 22,Available,Book,General Collection,Technology
LSPUL000005316,2.5 - 5 Tons Package Aircon Specialist : Book 23,Available,Book,General Collection,Technology
LSPUL000007845,3D printing and CNC fabrication with sketchUp,Available,Paperback,General Collection,Technology
LSPUL000009546,"3D printing for artists, designers and makers",Available,Book,General Collection,Technology
LSPUL000005119,5TR Room Aircon Specialist : Tutorial Guide/Fast & Easy Way Book 9,Available,Book,General Collection,Technology
LSPUL000005120,5TR Room Aircon Specialist : Tutorial Guide/Fast & Easy Way Book 10,Available,Book,General Collection,Technology
LSPUL000005121,5TR Room Aircon Specialist : Tutorial Guide/Fast & Easy Way Book 11,Available,Book,General Collection,Technology
LSPUL000006267,5TR Room Aircon Specialist : Tutorial Guide/Fast & Easy Way Book 12,Available,Book,General Collection,Technology
LSPUL000000110,The 7 secrets to change for your total health and wellness,Available,Book,Nursing & AH,Technology
LSPUL000001079,Accounting for decision making and control,Available,Book,General Collection,Technology
LSPUL000006076,Accounting for hotel and restaurant management and tourism industry,Available,Paperback,General Collection,Technology
LSPUL000006077,Accounting for hotel and restaurant management and tourism industry,Available,Paperback,General Collection,Technology
LSPUL000006078,Accounting for hotel and restaurant management and tourism industry,Available,Paperback,General Collection,Technology
LSPUL000006079,Accounting for hotel and restaurant management and tourism industry,Available,Paperback,General Collection,Technology
LSPUL000003308,Accounting for hotel and restaurant management and tourism industry,Available,Paperback,General Collection,Technology
LSPUL000003309,Accounting for hotel and restaurant management and tourism industry,Available,Paperback,General Collection,Technology
LSPUL000003296,Advanced control engineering,Available,Book,General Collection,Technology
LSPUL000010317,Advanced Critical Care Nursing,Available,Paperback,Nursing & AH,Technology
LSPUL000001462,"Advanced home wiring : current with codes through 2014 : DC circuits, transfer switches, panel upgrades, circuit maps, much more.",Available,Book,General Collection,Technology
LSPUL000008425,Advanced practice nursing : essential knowledge for the profession,Available,Book,Nursing & AH,Technology
LSPUL000011748,AFAR quick notes,Available,Book,CBAA Library,Technology
LSPUL000011749,AFAR quick notes,Available,Book,CBAA Library,Technology
LSPUL000011750,AFAR quick notes,Available,Book,CBAA Library,Technology
LSPUL000003413,Agriscience & technology,Available,Book,General Collection,Technology
LSPUL000005247,Agrometeorology : principles and applications of climate studies in agriculture,Available,Book,General Collection,Technology
LSPUL000002163,Air conditioning and refregeration technology,Available,Paperback,General Collection,Technology
LSPUL000003114,Blueprint reading and drafting for plumbers,Available,Book,General Collection,Technology
LSPUL000010791,The Boat Cookbook : Real food for hungry sailors,Available,Paperback,General Collection,Technology
LSPUL000003519,The Bon appétit cookbook,Available,Book,General Collection,Technology
LSPUL000003457,The book of hors d'oeuvres and canapes,Available,Book,General Collection,Technology
LSPUL000003454,Bread : a baker's book of techniques and recipes,Available,Book,General Collection,Technology
LSPUL000010020,Bread and Pastry Production : For Senior High School,Available,Paperback,Filipiniana,Technology
LSPUL000003257,Business analysis & valuation : using financial statements : text & cases,Available,Book,General Collection,Technology
LSPUL000003527,Business analysis & valuation : using financial statements : text & cases,Available,Book,General Collection,Technology
LSPUL000010343,Business Analytics : Data Analysis and Decision Making,Available,Hardcover,General Collection,Technology
LSPUL000009090,Business communication and report writing : a practical approach,Available,Book,Filipiniana,Technology
LSPUL000009134,Business communication and report writing : a practical approach,Available,Book,Filipiniana,Technology
LSPUL000011806,Business communication and report writing : a practical approach,Available,Book,Filipiniana,Technology
LSPUL000011857,Business communication and report writing : a practical approach,Available,Book,Filipiniana,Technology
LSPUL000007697,Business communication : building critical skills,Available,Paperback,General Collection,Technology
LSPUL000007698,Business communication : building critical skills,Available,Paperback,General Collection,Technology
LSPUL000007699,Business communication : building critical skills,Available,Paperback,General Collection,Technology
LSPUL000002510,Clinical pharmacology and therapeutics : questions for self assessment,Available,Book,General Collection,Technology
LSPUL000004314,Clinical practice,Available,Book,General Collection,Technology
LSPUL000011212,Community and public health nursing,Available,Book,Nursing & AH,Technology
LSPUL000011214,Community and public health nursing,Available,Book,Nursing & AH,Technology
LSPUL000011822,Community and public health nursing,Available,Book,Nursing & AH,Technology
LSPUL000011824,Community and public health nursing,Available,Book,Nursing & AH,Technology
LSPUL000011825,Community and public health nursing,Available,Book,Nursing & AH,Technology
LSPUL000004271,Community Health Management Manual for Nursing Students : Community Exposure,Available,Book,General Collection,Technology
LSPUL000004272,Community Health Management Manual for Nursing Students : Community Exposure,Available,Book,General Collection,Technology
LSPUL000004273,Community Health Management Manual for Nursing Students : Community Exposure,Available,Book,General Collection,Technology
LSPUL000004274,Community Health Management Manual for Nursing Students : Community Exposure,Available,Book,General Collection,Technology
LSPUL000004275,Community Health Management Manual for Nursing Students : Community Exposure,Available,Book,General Collection,Technology
LSPUL000003281,Dawes Electrical Engineering : International Student Edition,Available,Book,General Collection,Technology
LSPUL000003210,DC theory,Available,Book,General Collection,Technology
LSPUL000009141,Decision making: 5 steps to better results,Available,Book,General Collection,Technology
LSPUL000002496,Deja review : obstetrics & gynecology,Available,Book,General Collection,Technology
LSPUL000001621,"1000 artisan textiles : contemporary fiber art, quilts, and wearables",Available,Book,General Collection,The Arts
LSPUL000001622,"1000 product designs : form, function, and technology from around the world",Available,Book,General Collection,The Arts
LSPUL000002089,"1000 quilt inspirations : colorful and creative deesigns for traditional, modern, and art quilts",Available,Book,General Collection,The Arts
LSPUL000000007,Adobe Premiere Elements 10 : classroom in a book,Available,Book,General Collection,The Arts
LSPULCD000007,Adobe Premiere Elements 10 : classroom in a book,Available,CD,Multimedia Center,The Arts
LSPUL000011939,All-inclusive engagement in architecture : towards the future of social change,Available,Book,General Collection,The Arts
LSPUL000003158,"An American vision : three generations of Wyeth art : N.C. Wyeth, Andrew Wyeth, James Wyeth",Available,Book,General Collection,The Arts
LSPUL000003159,"An American vision : three generations of Wyeth art : N.C. Wyeth, Andrew Wyeth, James Wyeth",Available,Book,General Collection,The Arts
LSPUL000003160,Andrew Wyeth : the Helga pictures,Available,Book,General Collection,The Arts
LSPUL000003161,Andrew Wyeth : the Helga pictures,Available,Book,General Collection,The Arts
LSPUL000003162,Andrew Wyeth : the Helga pictures,Available,Book,General Collection,The Arts
LSPUL000003163,Andrew Wyeth : the Helga pictures,Available,Book,General Collection,The Arts
LSPUL000003164,Andrew Wyeth : the Helga pictures,Available,Book,General Collection,The Arts
LSPUL000003142,The animator's reference book,Available,Book,General Collection,The Arts
LSPUL000003166,The animator's reference book,Available,Book,General Collection,The Arts
LSPUL000000990,Before building : site planning in the digital age,Available,Book,General Collection,The Arts
LSPUL000010489,Beginning Musical Theatre Dance,Available,Paperback,General Collection,The Arts
LSPUL000012023,Building services design for energy efficient buildings,Available,Book,General Collection,The Arts
LSPUL000012112,C# game programming cookbook for unity 3D,Available,Book,General Collection,The Arts
LSPUL000002086,Calligraphy 101 : a workshop in a book,Available,Book,General Collection,The Arts
LSPUL000001865,Career guide : fashion industry,Available,Book,General Collection,The Arts
LSPULCD0001865,Career guide : fashion industry,Available,CD,Multimedia Center,The Arts
LSPUL000007250,Chess for beginners : a picture guide,Available,Book,General Collection,The Arts
LSPUL000010485,Choosing the perfect colour and pattern in design,Available,Hardcover,General Collection,The Arts
LSPUL000000827,Coaching and mentoring : theory and practice,Available,Book,General Collection,The Arts
LSPUL000009255,Dance for life health optimizing physical education for senior high school,Available,Paperback,Filipiniana,The Arts
LSPUL000009693,Dance for life health optimizing physical education for senior high school,Available,Paperback,Filipiniana,The Arts
LSPUL000009696,Dance for life health optimizing physical education for senior high school,Available,Paperback,Filipiniana,The Arts
LSPUL000009701,Dance for life health optimizing physical education for senior high school,Available,Paperback,Filipiniana,The Arts
LSPUL000009702,Dance for life health optimizing physical education for senior high school,Available,Paperback,Filipiniana,The Arts
LSPUL000009703,Dance for life health optimizing physical education for senior high school,Available,Paperback,Filipiniana,The Arts
LSPUL000009879,Designbuild education,Available,Book,General Collection,The Arts
LSPUL000003134,Designing tall buildings : structure as architecture,Available,Book,General Collection,The Arts
LSPUL000009824,Dictionary of architecture & construction,Available,Book,Gen Ref,The Arts
LSPUL000003140,The digital matte painting handbook,Available,Book,General Collection,The Arts
LSPUL000011491,Doing research design,Available,Book,General Collection,The Arts
LSPUL000007248,"Egyptian art through the ages : an exhibition of art objects from the Arab Republic of Egypt at the Legislative Building, Manila, Philippines, 27 September 1976 to 27 March 1977",Available,Book,General Collection,The Arts
LSPUL000003472,Enhancing creativity among Filipino children,Available,Book,General Collection,The Arts
LSPUL000003473,Enhancing creativity among Filipino children,Available,Book,General Collection,The Arts
LSPUL000003474,Enhancing creativity among Filipino children,Available,Book,General Collection,The Arts
LSPUL000009084,Essential Brazilian jiu jitsu : [an illustrated guide to the fighting art],Available,Book,General Collection,The Arts
LSPUL000008338,The essential theatre,Available,Book,General Collection,The Arts
LSPUL000001866,Fashion design and garment technology,Available,Paperback,General Collection,The Arts
LSPULCD0001866,Fashion design and garment technology,Available,CD,Multimedia Center,The Arts
LSPUL000002080,Fashion design for living,Available,Book,General Collection,The Arts
LSPUL000001105,"The fashion file : advice, tips, and inspiration from the costume designer of Mad men",Available,Book,General Collection,The Arts
LSPUL000001858,Fashion merchandising,Available,Paperback,General Collection,The Arts
LSPUL000002167,Fashion merchandising,Available,Paperback,General Collection,The Arts
LSPUL000010945,Film History : An Introduction,Available,Paperback,General Collection,The Arts
LSPUL000003278,Food styling & photography for dummies,Available,Book,General Collection,The Arts
LSPUL000009054,Game development essentials : video game art,Available,Book,General Collection,The Arts
LSPULCD0009054,Game development essentials : video game art,Available,CD,Non-Print Section,The Arts
LSPUL000003135,Gardner's art through the ages : a global history,Available,Book,General Collection,The Arts
LSPUL000009999,The Green Screen Maker Space : Project book,Available,Paperback,General Collection,The Arts
LSPUL000007799,Guitar rhythm & technique for dummies,Available,Paperback,General Collection,The Arts
LSPUL000000937,The handbook of physical education,Available,Paperback,General Collection,The Arts
LSPUL000000342,Handicrafts handbook,Available,Book,General Collection,The Arts
LSPUL000003141,The healthy home : beautiful interiors that enhance the environment and your well-being,Available,Book,General Collection,The Arts
LSPUL000001063,A history and philosophy of sport and physical education : from ancient civilizations to the modern world,Available,Book,General Collection,The Arts
LSPUL000009969,How video games impact players : the pitfalls and benefits of a gaming society,Available,Paperback,General Collection,The Arts
LSPUL000007457,13 fatal errors managers make and how you can avoid them,Available,Book,General Collection,Literature and Rhetoric
LSPUL000004553,"100 aklat sa aking pagkamulat : pagbasa, dagling-suri, at paanyaya",Available,Paperback,General Collection,Literature and Rhetoric
LSPUL000004860,"101 aklat sa aking pagkamulat : pagbasa, dagling-suri, at paanyaya",Available,Paperback,General Collection,Literature and Rhetoric
LSPUL000004865,"102 aklat sa aking pagkamulat : pagbasa, dagling-suri, at paanyaya",Available,Paperback,General Collection,Literature and Rhetoric
LSPUL000004871,"103 aklat sa aking pagkamulat : pagbasa, dagling-suri, at paanyaya",Available,Paperback,General Collection,Literature and Rhetoric
LSPUL000010946,100 and more inspiring quotes to live by,Available,Book,Filipiniana,Literature and Rhetoric
LSPUL000002037,A companion to the philosophy of literature,Available,Paperback,General Collection,Literature and Rhetoric
LSPUL000004750,A treasury of world literature,Available,Book,General Collection,Literature and Rhetoric
LSPUL000006581,A treasury of world literature,Available,Book,General Collection,Literature and Rhetoric
LSPUL000006622,A treasury of world literature,Available,Book,General Collection,Literature and Rhetoric
LSPUL000007174,A treasury of world literature,Available,Book,General Collection,Literature and Rhetoric
LSPUL000010947,Adaptation in Contemporary Theatre : Performing Literature,Available,Paperback,General Collection,Literature and Rhetoric
LSPUL000007668,Adventures of Huckleberry Finn : Tom Sawyer's comrade,Not Available,Book,Fiction,Literature and Rhetoric
LSPUL000006977,The Adventures of Sherlock Holmes,Available,Book,Fiction,Literature and Rhetoric
LSPUL000004529,Mga agos sa disyerto : maiikling kathang Filipino,Available,Book,General Collection,Literature and Rhetoric
LSPUL000007451,Back to the moon,Available,Book,Fiction,Literature and Rhetoric
LSPUL000006917,"Bata, bata... pa'no ka ginawa",Available,Book,Fiction,Literature and Rhetoric
LSPUL000007427,"Bata, bata... pa'no ka ginawa",Not Available,Book,Fiction,Literature and Rhetoric
LSPUL000007456,"Bata, bata... pa'no ka ginawa",Not Available,Book,Fiction,Literature and Rhetoric
LSPUL000007465,"Bata, bata... pa'no ka ginawa",Not Available,Book,Fiction,Literature and Rhetoric
LSPUL000007588,"Bata, bata... pa'no ka ginawa",Not Available,Book,Fiction,Literature and Rhetoric
LSPUL000007895,"Bata, bata... pa'no ka ginawa",Not Available,Book,Fiction,Literature and Rhetoric
LSPUL000009598,Broadcasting news writing reporting and producing,Available,Paperback,General Collection,Literature and Rhetoric
LSPUL000008903,Building a speech,Available,Book,Graduate Studies,Literature and Rhetoric
LSPUL000007441,Canal de la Reina,Available,Book,Fiction,Literature and Rhetoric
LSPUL000009256,21 st-century literature from the Philippines and the world for senior high school,Available,Paperback,Filipiniana,Literature and Rhetoric
LSPUL000009257,22 st-century literature from the Philippines and the world for senior high school,Available,Paperback,Filipiniana,Literature and Rhetoric
LSPUL000009258,23 st-century literature from the Philippines and the world for senior high school,Available,Paperback,Filipiniana,Literature and Rhetoric
LSPUL000009259,24 st-century literature from the Philippines and the world for senior high school,Available,Paperback,Filipiniana,Literature and Rhetoric
LSPUL000001064,Charlotte Huck's children's literature : a brief guide,Available,Book,General Collection,Literature and Rhetoric
LSPUL000009414,Childrens literature,Available,Paperback,General Collection,Literature and Rhetoric
LSPUL000009037,Children's picturebooks : the art of visual storytelling,Available,Book,General Collection,Literature and Rhetoric
LSPUL000000546,Climbing the ladder of success through business writing,Available,Paperback,General Collection,Literature and Rhetoric
LSPUL000000547,Climbing the ladder of success through business writing,Available,Paperback,General Collection,Literature and Rhetoric
LSPUL000000548,Climbing the ladder of success through business writing,Available,Paperback,General Collection,Literature and Rhetoric
LSPUL000004554,Collected works,Available,Book,General Collection,Literature and Rhetoric
LSPUL000010031,College Writing Skills with Readings,Available,Paperback,General Collection,Literature and Rhetoric
LSPUL000008999,Contemporary business report writing,Available,Book,Graduate Studies,Literature and Rhetoric
LSPUL000006972,The Da Vinci code : a novel,Available,Book,Fiction,Literature and Rhetoric
LSPUL000010779,Daughter of Fortune,Available,Paperback,Fiction,Literature and Rhetoric
LSPUL000007439,Deception point,Available,Book,Fiction,Literature and Rhetoric
LSPU000007899,Dekada '70,Not Available,Book,Fiction,Literature and Rhetoric
LSPUL000007445,Dekada '70,Available,Book,Fiction,Literature and Rhetoric
LSPUL000007466,Dekada '70,Not Available,Book,Fiction,Literature and Rhetoric
LSPUL000007467,Dekada '70,Not Available,Book,Fiction,Literature and Rhetoric
LSPUL000007625,Dekada '70,Available,Book,Fiction,Literature and Rhetoric
LSPUL000007665,Dekada '70,Not Available,Book,Fiction,Literature and Rhetoric
LSPUL000007897,Dekada '70,Not Available,Book,Fiction,Literature and Rhetoric
LSPUL000007898,Dekada '70,Not Available,Book,Fiction,Literature and Rhetoric
LSPUL000007899,Dekada '70,Not Available,Book,Fiction,Literature and Rhetoric
LSPUL000007900,Dekada '70,Not Available,Book,Fiction,Literature and Rhetoric
LSPUL000007904,Dekada '70,Not Available,Book,Fiction,Literature and Rhetoric
LSPUL000006955,Desaparesidos : ang bagong nobela,Available,Book,General Collection,Literature and Rhetoric
LSPUL000007590,Desaparesidos : ang bagong nobela,Available,Book,Fiction,Literature and Rhetoric
LSPUL000007931,Eaters of the dead : the manuscript of Ibn Fadlan relating his experiences with the Northmen in A.D. 922,Not Available,Book,Fiction,Literature and Rhetoric
LSPUL000000540,Effective business and technical writing in the corporate world,Available,Paperback,General Collection,Literature and Rhetoric
LSPUL000000541,Effective business and technical writing in the corporate world,Available,Paperback,General Collection,Literature and Rhetoric
LSPUL000000542,Effective business and technical writing in the corporate world,Available,Paperback,General Collection,Literature and Rhetoric
LSPUL000004742,Effective speech communication : for filipinos,Available,Book,General Collection,Literature and Rhetoric
LSPUL000004565,"Effective writing in psychology : papers, posters, and presentations",Available,Book,General Collection,Literature and Rhetoric
LSPUL000011809,Ang inuki na kaalaman bayan ng Paete,Available,Book,Filipiniana,Geography and History
LSPUL000001243,Asya noon at ngayon,Available,Paperback,Filipiniana,Geography and History
LSPUL000001244,Asya noon at ngayon,Available,Paperback,Filipiniana,Geography and History
LSPUL000001245,Asya noon at ngayon,Available,Paperback,Filipiniana,Geography and History
LSPUL000011853,"Baler, Aurora",Available,Book,Gen Ref,Geography and History
LSPUL000011957,Batis : source in Philippine history,Available,Book,Filipiniana,Geography and History
LSPUL000011958,Batis : source in Philippine history,Available,Book,Filipiniana,Geography and History
LSPUL000011959,Batis : source in Philippine history,Available,Book,Filipiniana,Geography and History
LSPUL000001794,Batis sources in Philippine history,Available,Paperback,Filipiniana,Geography and History
LSPUL000001795,Batis sources in Philippine history,Available,Paperback,Filipiniana,Geography and History
LSPUL000001796,Batis sources in Philippine history,Available,Paperback,Filipiniana,Geography and History
LSPUL000001797,Batis sources in Philippine history,Available,Paperback,Filipiniana,Geography and History
LSPUL000011589,Buhay at diwa ng pambansang bayani ng Pilipinas : Dr. Jose P. Rizal,Available,Book,Filipiniana,Geography and History
LSPUL000011590,Buhay at diwa ng pambansang bayani ng Pilipinas : Dr. Jose P. Rizal,Available,Book,Filipiniana,Geography and History
LSPUL000011591,Buhay at diwa ng pambansang bayani ng Pilipinas : Dr. Jose P. Rizal,Available,Book,Filipiniana,Geography and History
LSPUL000011592,Buhay at diwa ng pambansang bayani ng Pilipinas : Dr. Jose P. Rizal,Available,Book,Filipiniana,Geography and History
LSPUL000011602,Buhay at diwa ng pambansang bayani ng Pilipinas : Dr. Jose P. Rizal,Available,Book,Filipiniana,Geography and History
LSPUL000008834,Co-creating tourism research : towards collaborative ways of knowing,Available,Book,General Collection,Geography and History
LSPUL000011963,The Contemporary world,Available,Book,Filipiniana,Geography and History
LSPUL000011964,The Contemporary world,Available,Book,Filipiniana,Geography and History
LSPUL000011965,The Contemporary world,Available,Book,Filipiniana,Geography and History
LSPUL000010196,The Contemporary World : Outcome-based module,Available,Paperback,Filipiniana,Geography and History
LSPUL000010197,The Contemporary World : Outcome-based module,Available,Paperback,Filipiniana,Geography and History
LSPUL000010800,The Contemporary World : Outcome-based module,Available,Paperback,Filipiniana,Geography and History
LSPUL000000101,Cultural tourism research methods,Available,Paperback,General Collection,Geography and History
LSPUL000000284,Down to earth rizal: reviews of critical readings in the life and the works of jose rizal,Available,Paperback,Filipiniana,Geography and History
LSPUL000000285,Down to earth rizal: reviews of critical readings in the life and the works of jose rizal,Available,Paperback,Filipiniana,Geography and History
LSPUL000000286,Down to earth rizal: reviews of critical readings in the life and the works of jose rizal,Available,Paperback,Filipiniana,Geography and History
LSPUL000011613,Endless journey : a memoir,Available,Book,Filipiniana,Geography and History
LSPUL000002950,Exploring prehistory : how archaeology reveals our past,Available,Book,General Collection,Geography and History
LSPUL000002951,Exploring prehistory : how archaeology reveals our past,Available,Book,General Collection,Geography and History
LSPUL000002952,Exploring prehistory : how archaeology reveals our past,Available,Book,General Collection,Geography and History
LSPUL000002953,Exploring prehistory : how archaeology reveals our past,Available,Book,General Collection,Geography and History
LSPUL000002954,Exploring prehistory : how archaeology reveals our past,Available,Book,General Collection,Geography and History
LSPUL000005634,Exploring prehistory : how archaeology reveals our past,Available,Book,General Collection,Geography and History
LSPUL000006563,The Filipinos and their struggles for freedom and survival : a textbook in Philippine history for college students,Available,Book,Filipiniana,Geography and History
LSPUL000006564,The Filipinos and their struggles for freedom and survival : a textbook in Philippine history for college students,Available,Book,Filipiniana,Geography and History
LSPUL000006567,The Filipinos and their struggles for freedom and survival : a textbook in Philippine history for college students,Available,Book,Filipiniana,Geography and History
LSPUL000011843,"Gat Andres Bonifacio : huwaran ng katapangan, sandigan ng kabayanihan (isang pagunita sa ika-150 taong anibersaryo ng kapanganakan ng supremo ng katipunan)",Available,Book,Filipiniana,Geography and History
LSPUL000011844,"Gat Andres Bonifacio : huwaran ng katapangan, sandigan ng kabayanihan (isang pagunita sa ika-150 taong anibersaryo ng kapanganakan ng supremo ng katipunan)",Available,Book,Filipiniana,Geography and History
EBOOK000000201,Geographic Information Systems and Applications in Coastal Studies,Available,E-Book,Electronic Resources,Geography and History
LSPUL000001135,Harvest and other stories,Available,Paperback,Fiction,Geography and History
LSPUL000011849,Historical dictionary of the Philippines,Available,Book,Gen Ref,Geography and History
LSPUL000007570,History and international relations : from the ancient world to the 21st century,Available,Book,General Collection,Geography and History
LSPUL000007179,History of Asian nations,Available,Book,Filipiniana,Geography and History
LSPUL000011615,History of Hacienda de Imus 1590-1910,Available,Book,Filipiniana,Geography and History
LSPUL000011845,History of Hacienda de Imus 1590-1911,Available,Book,Filipiniana,Geography and History
LSPUL000004608,A history of Southeast Asia,Available,Book,General Collection,Geography and History
LSPUL000006089,History of the Filipino People,Available,Book,Filipiniana,Geography and History
LSPUL000008228,"The Icon revised Rizal (his life, works, writings) and the other heroes : (The free hand modular approach)",Available,Book,Filipiniana,Geography and History
LSPUL000008229,"The Icon revised Rizal (his life, works, writings) and the other heroes : (The free hand modular approach)",Available,Book,Filipiniana,Geography and History
LSPUL000008233,"The Icon revised Rizal (his life, works, writings) and the other heroes : (The free hand modular approach)",Available,Book,Filipiniana,Geography and History
LSPUL000008236,"The Icon revised Rizal (his life, works, writings) and the other heroes : (The free hand modular approach)",Available,Book,Filipiniana,Geography and History
LSPUL000007740,Introduction to geographic information systems,Available,Paperback,General Collection,Geography and History
LSPUL000006627,Introduction to geography,Available,Book,General Collection,Geography and History
LSPUL000000302,"Jose rizal, biography, legacies, love life, and collaborations with other heroes",Available,Paperback,Filipiniana,Geography and History
LSPUL000000303,"Jose rizal, biography, legacies, love life, and collaborations with other heroes",Available,Paperback,Filipiniana,Geography and History
LSPUL000000304,"Jose rizal, biography, legacies, love life, and collaborations with other heroes",Available,Paperback,Filipiniana,Geography and History
LSPUL000001644,"Jose Rizal : buhay, mga ginawa at mga sinulat ng isang henyo, manunulat, siyentipiko, at pambansang bayani",Available,Book,General Collection,Geography and History
LSPUL000006653,"Jose Rizal : life, works, and writings of a genius, writer, scientist, and national hero",Available,Book,General Collection,Geography and History